-- Seed data export from local DB
PRAGMA foreign_keys = OFF;

-- Companies
INSERT OR IGNORE INTO companies (id, name, mc_number, dot_number, phone, email, address) VALUES (5, 'SANT TRANS INC', '1692111', '4333224', '(317) 444-8099', '', '5719 E Beck Ave Apt 201, Fresno, CA 93727');
INSERT OR IGNORE INTO companies (id, name, mc_number, dot_number, phone, email, address) VALUES (6, 'WMK STAR INC', '1336665', '3757961', '', '', '2264 N Marks Ave Apt 256, Fresno, CA 93722');
INSERT OR IGNORE INTO companies (id, name, mc_number, dot_number, phone, email, address) VALUES (7, 'MAMBA TRANS INC', '1272016', '3669706', '', '', '14265 Terra Bella St Unit 40, Panorama City, CA 91402');
INSERT OR IGNORE INTO companies (id, name, mc_number, dot_number, phone, email, address) VALUES (8, 'MULTANI ROAD KING INC', '', '', '', '', '123-10 Sutter Ave, S Ozone Park, NY 11420');
INSERT OR IGNORE INTO companies (id, name, mc_number, dot_number, phone, email, address) VALUES (9, 'RAJPURA EXPRESS INC', '', '', '863-821-5541', '', '30 Hedge Ln, Lancaster, NY 14086');
INSERT OR IGNORE INTO companies (id, name, mc_number, dot_number, phone, email, address) VALUES (10, 'R&B ROADLINE INC', '', '', '', '', '2525 N Bourbon St Unit H2, Orange, CA 92865');
INSERT OR IGNORE INTO companies (id, name, mc_number, dot_number, phone, email, address) VALUES (11, 'TAMBEKAR TRUCKS INC', '', '', '', '', '1481 Green Spring Way, Greenwood, IN 46143');
INSERT OR IGNORE INTO companies (id, name, mc_number, dot_number, phone, email, address) VALUES (12, 'BROTHERS LOGISTICS INC', '1467542', '', '317-584-7796', '', '161 Hilltop Farms Blvd, Whiteland, IN 46184');
INSERT OR IGNORE INTO companies (id, name, mc_number, dot_number, phone, email, address) VALUES (13, 'CHEEMA BROS TRANS INC', '1369475', '3802902', '', '', '5813 Tanya Way, Keyes, CA 95328');
INSERT OR IGNORE INTO companies (id, name, mc_number, dot_number, phone, email, address) VALUES (14, 'DSA TRANSPORTATION LLC', '1063251', '', '573-717-5708', '', '305 N Jackson St, Kennett, MO 63857');
INSERT OR IGNORE INTO companies (id, name, mc_number, dot_number, phone, email, address) VALUES (15, 'THE FRONTLINE FREIGHT INC', '1361655', '', '9298889669', 'thefrontlinefreightinc@gmail.com', '7411 Sundance Dr Apt 1321, Indianapolis, IN 46237');
INSERT OR IGNORE INTO companies (id, name, mc_number, dot_number, phone, email, address) VALUES (16, 'HIND INTRADE INC', '', '', '', '', '2 Johnson St Apt 1, Carteret, NJ 07008');
INSERT OR IGNORE INTO companies (id, name, mc_number, dot_number, phone, email, address) VALUES (17, 'JAGAIT BROS INC', '', '', '', '', '400 White Ln Apt 66, Bakersfield, CA 93307');
INSERT OR IGNORE INTO companies (id, name, mc_number, dot_number, phone, email, address) VALUES (18, 'KPT ROADLINE INC', '1370237', '3803965', '', '', 'Modesto, CA');
INSERT OR IGNORE INTO companies (id, name, mc_number, dot_number, phone, email, address) VALUES (19, 'LEOPARD LOGISTICS INC', '1305915', '', '', '', '992 Barberry Dr, Greenwood, IN 46143');
INSERT OR IGNORE INTO companies (id, name, mc_number, dot_number, phone, email, address) VALUES (20, 'MANILA TRANS INC', '', '', '', '', '7315 Sandy Cove Way Apt 1116, Indianapolis, IN 46217');
INSERT OR IGNORE INTO companies (id, name, mc_number, dot_number, phone, email, address) VALUES (21, 'OTHI EXPRESS INC', '', '4333331', '', '', '2824 S Arlington Ave, Indianapolis, IN 46203');
INSERT OR IGNORE INTO companies (id, name, mc_number, dot_number, phone, email, address) VALUES (22, 'SIDHU CARRIER', '', '', '', '', '');
INSERT OR IGNORE INTO companies (id, name, mc_number, dot_number, phone, email, address) VALUES (23, 'UNITED XPRESS LLC', '', '3068191', '', '', '161 Hilltop Farms Blvd, New Whiteland, IN 46184');
INSERT OR IGNORE INTO companies (id, name, mc_number, dot_number, phone, email, address) VALUES (24, 'BAAZ 108 TRANSPORT INC', '', '', '', '', '158 W Carlton Way Apt 107, Tracy, CA 95376');
INSERT OR IGNORE INTO companies (id, name, mc_number, dot_number, phone, email, address) VALUES (25, 'FFI TRUCKING', '', '', '', '', '');
INSERT OR IGNORE INTO companies (id, name, mc_number, dot_number, phone, email, address) VALUES (26, 'INDEPENDENT / OTHER', '', '', '', '', '');

-- Users
INSERT OR IGNORE INTO users (id, username, password, role, company_id, full_name, email, phone) VALUES (1, 'dispatcher', '$2b$10$G5TVjjfvI1deQ99ZRAfkUulqz9FMeXkEOnnR/5RUTx6URN4XSicpy', 'dispatcher', NULL, 'Main Dispatcher', NULL, NULL);
INSERT OR IGNORE INTO users (id, username, password, role, company_id, full_name, email, phone) VALUES (2, 'kuldeep', '$2b$10$XclImg.uh3keDpKkw2oi9OlbjurDKJsCZMo840mcJLxLaGjDiHqmG', 'driver', 6, 'Kuldeep', 'wmk.star13@gmail.com', '559-519-5257');
INSERT OR IGNORE INTO users (id, username, password, role, company_id, full_name, email, phone) VALUES (3, 'surjeet', '$2b$10$5Ghr8/7pWDxrEQK4d0Yi7eP2g93dYqUQlnsg7illTB19OncHu/DdK', 'driver', 5, 'Surjeet Singh', NULL, '4237699999');
INSERT OR IGNORE INTO users (id, username, password, role, company_id, full_name, email, phone) VALUES (4, 'rakesh', '$2b$10$QQ8eqvHrdUL5rHD0G0Hc1uMUFsEHgkSl8RxelHh24dPxwsAHU/nOK', 'company_owner', 15, 'Rakesh Kumar', NULL, NULL);

-- Drivers
INSERT OR IGNORE INTO drivers (id, full_name, phone, license_number, company_id, status) VALUES (1, 'Kuldeep', '559-519-5257', NULL, 26, 'on_load');
INSERT OR IGNORE INTO drivers (id, full_name, phone, license_number, company_id, status) VALUES (2, 'Surjeet Singh', '4237699999', NULL, 5, 'on_load');
INSERT OR IGNORE INTO drivers (id, full_name, phone, license_number, company_id, status) VALUES (3, 'Gurdeep', '914-817-1932', NULL, 26, 'on_load');
INSERT OR IGNORE INTO drivers (id, full_name, phone, license_number, company_id, status) VALUES (4, 'Gurinder', '559-906-0575', NULL, 26, 'on_load');
INSERT OR IGNORE INTO drivers (id, full_name, phone, license_number, company_id, status) VALUES (5, 'Sukhwinder', '599-999-9999', NULL, 5, 'on_load');
INSERT OR IGNORE INTO drivers (id, full_name, phone, license_number, company_id, status) VALUES (6, 'TAJINDER SAHOTA', '973-462-7031', NULL, 15, 'on_load');
INSERT OR IGNORE INTO drivers (id, full_name, phone, license_number, company_id, status) VALUES (7, 'STEVEN DAVIS', '317-850-1994', NULL, 15, 'on_load');
INSERT OR IGNORE INTO drivers (id, full_name, phone, license_number, company_id, status) VALUES (8, 'VISHAL', '191-640-6988', NULL, 15, 'on_load');
INSERT OR IGNORE INTO drivers (id, full_name, phone, license_number, company_id, status) VALUES (9, 'AMARJEET', '559-660-6497', NULL, 26, 'available');
INSERT OR IGNORE INTO drivers (id, full_name, phone, license_number, company_id, status) VALUES (10, 'Amarpreet', '253-332-8389', NULL, 26, 'on_load');
INSERT OR IGNORE INTO drivers (id, full_name, phone, license_number, company_id, status) VALUES (11, 'Lakhvir', '132-922-3770', NULL, 26, 'on_load');
INSERT OR IGNORE INTO drivers (id, full_name, phone, license_number, company_id, status) VALUES (12, 'Raman', '559-803-9260', NULL, 26, 'on_load');
INSERT OR IGNORE INTO drivers (id, full_name, phone, license_number, company_id, status) VALUES (13, 'JAI KISHAN', '317-560-8878', NULL, 15, 'on_load');
INSERT OR IGNORE INTO drivers (id, full_name, phone, license_number, company_id, status) VALUES (14, 'GAGANDEEP', '120-127-5770', NULL, 15, 'on_load');
INSERT OR IGNORE INTO drivers (id, full_name, phone, license_number, company_id, status) VALUES (15, 'RAHUL BHATIA', '310-980-1934', NULL, 15, 'on_load');
INSERT OR IGNORE INTO drivers (id, full_name, phone, license_number, company_id, status) VALUES (16, 'Jaspreet Raman', '120-960-0249', NULL, 6, 'on_load');
INSERT OR IGNORE INTO drivers (id, full_name, phone, license_number, company_id, status) VALUES (17, 'NK CHIKARA', '812-720-1455', NULL, 15, 'on_load');
INSERT OR IGNORE INTO drivers (id, full_name, phone, license_number, company_id, status) VALUES (18, 'Sanjeev Verma', '848-466-9783', NULL, 26, 'on_load');
INSERT OR IGNORE INTO drivers (id, full_name, phone, license_number, company_id, status) VALUES (19, 'MANISH', '845-303-0596', NULL, 15, 'on_load');
INSERT OR IGNORE INTO drivers (id, full_name, phone, license_number, company_id, status) VALUES (20, 'Rajhbir Singh', '559-290-5957', NULL, 26, 'on_load');
INSERT OR IGNORE INTO drivers (id, full_name, phone, license_number, company_id, status) VALUES (21, 'Sukhvinder Singh', '559-776-1315', NULL, 26, 'on_load');
INSERT OR IGNORE INTO drivers (id, full_name, phone, license_number, company_id, status) VALUES (22, 'GAGAN', '559-912-5246', NULL, 26, 'on_load');
INSERT OR IGNORE INTO drivers (id, full_name, phone, license_number, company_id, status) VALUES (23, 'Satvir', NULL, NULL, 26, 'on_load');
INSERT OR IGNORE INTO drivers (id, full_name, phone, license_number, company_id, status) VALUES (24, 'MOHIT', '463-999-6649', NULL, 15, 'on_load');
INSERT OR IGNORE INTO drivers (id, full_name, phone, license_number, company_id, status) VALUES (25, 'YADWINDER', '317-777-0372', NULL, 15, 'on_load');
INSERT OR IGNORE INTO drivers (id, full_name, phone, license_number, company_id, status) VALUES (26, 'Amrinder Sohi', '317-446-9980', NULL, 26, 'available');
INSERT OR IGNORE INTO drivers (id, full_name, phone, license_number, company_id, status) VALUES (27, 'Aniket', '559-930-3225', NULL, 26, 'available');
INSERT OR IGNORE INTO drivers (id, full_name, phone, license_number, company_id, status) VALUES (28, 'Baljit Singh', '720-725-9796', NULL, 6, 'available');
INSERT OR IGNORE INTO drivers (id, full_name, phone, license_number, company_id, status) VALUES (29, 'Chetan madar', '347-639-8888', NULL, 26, 'available');
INSERT OR IGNORE INTO drivers (id, full_name, phone, license_number, company_id, status) VALUES (30, 'Chirag bathla', '551-775-9533', NULL, 26, 'available');
INSERT OR IGNORE INTO drivers (id, full_name, phone, license_number, company_id, status) VALUES (31, 'DALJIT SINGH', '916-618-1102', NULL, 15, 'available');
INSERT OR IGNORE INTO drivers (id, full_name, phone, license_number, company_id, status) VALUES (32, 'Datta', '559-470-5401', NULL, 26, 'available');
INSERT OR IGNORE INTO drivers (id, full_name, phone, license_number, company_id, status) VALUES (33, 'DIMPLE', '350-600-2800', NULL, 15, 'available');
INSERT OR IGNORE INTO drivers (id, full_name, phone, license_number, company_id, status) VALUES (34, 'gagandeep', '728-992-0134', NULL, 26, 'available');
INSERT OR IGNORE INTO drivers (id, full_name, phone, license_number, company_id, status) VALUES (35, 'Goldy', '917-349-8925', NULL, 26, 'available');
INSERT OR IGNORE INTO drivers (id, full_name, phone, license_number, company_id, status) VALUES (36, 'GURDIAL', '163-178-6606', NULL, 15, 'available');
INSERT OR IGNORE INTO drivers (id, full_name, phone, license_number, company_id, status) VALUES (37, 'Gurprshad', '559-569-5700', NULL, 26, 'available');
INSERT OR IGNORE INTO drivers (id, full_name, phone, license_number, company_id, status) VALUES (38, 'gurwinder singh', '559-906-0575', NULL, 26, 'available');
INSERT OR IGNORE INTO drivers (id, full_name, phone, license_number, company_id, status) VALUES (39, 'Happy', '192-940-0004', NULL, 26, 'available');
INSERT OR IGNORE INTO drivers (id, full_name, phone, license_number, company_id, status) VALUES (40, 'Harman', '151-672-5103', NULL, 26, 'available');
INSERT OR IGNORE INTO drivers (id, full_name, phone, license_number, company_id, status) VALUES (41, 'HARPREET', '347-475-8387', NULL, 15, 'available');
INSERT OR IGNORE INTO drivers (id, full_name, phone, license_number, company_id, status) VALUES (42, 'harwinder', '571-320-9154', NULL, 26, 'available');
INSERT OR IGNORE INTO drivers (id, full_name, phone, license_number, company_id, status) VALUES (43, 'HRANG ER', '919-260-7887', NULL, 15, 'available');
INSERT OR IGNORE INTO drivers (id, full_name, phone, license_number, company_id, status) VALUES (44, 'Karan', '209-302-0334', NULL, 26, 'available');
INSERT OR IGNORE INTO drivers (id, full_name, phone, license_number, company_id, status) VALUES (45, 'KULBER S GILL', '317-474-0759', NULL, 15, 'available');
INSERT OR IGNORE INTO drivers (id, full_name, phone, license_number, company_id, status) VALUES (46, 'Kumar', '754-207-3432', NULL, 26, 'available');
INSERT OR IGNORE INTO drivers (id, full_name, phone, license_number, company_id, status) VALUES (47, 'Lovpreet sajan', '559-779-7981', NULL, 26, 'available');
INSERT OR IGNORE INTO drivers (id, full_name, phone, license_number, company_id, status) VALUES (48, 'Malkeet singh', '504-405-7354', NULL, 26, 'available');
INSERT OR IGNORE INTO drivers (id, full_name, phone, license_number, company_id, status) VALUES (49, 'Manjot', '463-210-7676', NULL, 26, 'available');
INSERT OR IGNORE INTO drivers (id, full_name, phone, license_number, company_id, status) VALUES (50, 'Manpreet', '559-669-8889', NULL, 26, 'available');
INSERT OR IGNORE INTO drivers (id, full_name, phone, license_number, company_id, status) VALUES (51, 'manpreet singh', '559-669-8889', NULL, 26, 'available');
INSERT OR IGNORE INTO drivers (id, full_name, phone, license_number, company_id, status) VALUES (52, 'MIKE DAVIS', '131-735-4923', NULL, 15, 'available');
INSERT OR IGNORE INTO drivers (id, full_name, phone, license_number, company_id, status) VALUES (53, 'Mukesh', '951-233-0578', NULL, 26, 'available');
INSERT OR IGNORE INTO drivers (id, full_name, phone, license_number, company_id, status) VALUES (54, 'MUKESH BANGA', '317-531-1487', NULL, 15, 'available');
INSERT OR IGNORE INTO drivers (id, full_name, phone, license_number, company_id, status) VALUES (55, 'NARINDER KUMAR', '126-777-0832', NULL, 15, 'available');
INSERT OR IGNORE INTO drivers (id, full_name, phone, license_number, company_id, status) VALUES (56, 'NIRMAL THAKUR', '131-797-0718', NULL, 15, 'available');
INSERT OR IGNORE INTO drivers (id, full_name, phone, license_number, company_id, status) VALUES (57, 'NITAN', '317-626-7606', NULL, 15, 'available');
INSERT OR IGNORE INTO drivers (id, full_name, phone, license_number, company_id, status) VALUES (58, 'Pardeep', '414-326-6036', NULL, 26, 'available');
INSERT OR IGNORE INTO drivers (id, full_name, phone, license_number, company_id, status) VALUES (59, 'PREEET', '559-507-3913', NULL, 26, 'available');
INSERT OR IGNORE INTO drivers (id, full_name, phone, license_number, company_id, status) VALUES (60, 'Preet', '559-507-3913', NULL, 26, 'available');
INSERT OR IGNORE INTO drivers (id, full_name, phone, license_number, company_id, status) VALUES (61, 'RAKESH KUMAR', '201-680-1886', NULL, 15, 'available');
INSERT OR IGNORE INTO drivers (id, full_name, phone, license_number, company_id, status) VALUES (62, 'Ramneet Singh', '209-638-2877', NULL, 26, 'available');
INSERT OR IGNORE INTO drivers (id, full_name, phone, license_number, company_id, status) VALUES (63, 'Randhir Singh', '559-776-8255', NULL, 26, 'available');
INSERT OR IGNORE INTO drivers (id, full_name, phone, license_number, company_id, status) VALUES (64, 'RAVI KUMAR', '317-415-3087', NULL, 15, 'available');
INSERT OR IGNORE INTO drivers (id, full_name, phone, license_number, company_id, status) VALUES (65, 'RAVINDER SINGH', '4632045217', NULL, 15, 'available');
INSERT OR IGNORE INTO drivers (id, full_name, phone, license_number, company_id, status) VALUES (66, 'Rinku', '184-846-6978', NULL, 26, 'available');
INSERT OR IGNORE INTO drivers (id, full_name, phone, license_number, company_id, status) VALUES (67, 'RISHI BABBR', '929-413-8990', NULL, 26, 'available');
INSERT OR IGNORE INTO drivers (id, full_name, phone, license_number, company_id, status) VALUES (68, 'Sachin', '620-765-9282', NULL, 26, 'available');
INSERT OR IGNORE INTO drivers (id, full_name, phone, license_number, company_id, status) VALUES (69, 'Sachin.', '620-765-9282', NULL, 26, 'available');
INSERT OR IGNORE INTO drivers (id, full_name, phone, license_number, company_id, status) VALUES (70, 'Sanjay Kumar', '300-324-6236', NULL, 26, 'available');
INSERT OR IGNORE INTO drivers (id, full_name, phone, license_number, company_id, status) VALUES (71, 'satvir', '661-404-6566', NULL, 26, 'available');
INSERT OR IGNORE INTO drivers (id, full_name, phone, license_number, company_id, status) VALUES (72, 'Sohan Kumar', '559-944-2525', NULL, 26, 'available');
INSERT OR IGNORE INTO drivers (id, full_name, phone, license_number, company_id, status) VALUES (73, 'Sucha Singh', '424-344-0104', NULL, 26, 'available');
INSERT OR IGNORE INTO drivers (id, full_name, phone, license_number, company_id, status) VALUES (74, 'Sumit madar', '718-350-9755', NULL, 26, 'available');
INSERT OR IGNORE INTO drivers (id, full_name, phone, license_number, company_id, status) VALUES (75, 'Sumit Singh', '667-312-9607', NULL, 26, 'available');
INSERT OR IGNORE INTO drivers (id, full_name, phone, license_number, company_id, status) VALUES (76, 'surinder singh', '209-906-8434', NULL, 26, 'available');
INSERT OR IGNORE INTO drivers (id, full_name, phone, license_number, company_id, status) VALUES (77, 'surjeet Singh', '142-376-9999', NULL, 26, 'available');
INSERT OR IGNORE INTO drivers (id, full_name, phone, license_number, company_id, status) VALUES (78, 'Vikas', '174-733-1257', NULL, 26, 'available');

-- Trucks
INSERT OR IGNORE INTO trucks (id, tractor_number, trailer_number, trailer_type, company_id, status) VALUES (1, '21', '11', '53 ft. Van', 6, 'on_load');
INSERT OR IGNORE INTO trucks (id, tractor_number, trailer_number, trailer_type, company_id, status) VALUES (2, '2025', '2025', '53 ft. Van', 5, 'on_load');
INSERT OR IGNORE INTO trucks (id, tractor_number, trailer_number, trailer_type, company_id, status) VALUES (3, '0012', '', '53 ft. Van', 15, 'available');
INSERT OR IGNORE INTO trucks (id, tractor_number, trailer_number, trailer_type, company_id, status) VALUES (4, '012', '', '53 ft. Van', 15, 'available');
INSERT OR IGNORE INTO trucks (id, tractor_number, trailer_number, trailer_type, company_id, status) VALUES (5, '102', '', '53 ft. Van', 15, 'available');
INSERT OR IGNORE INTO trucks (id, tractor_number, trailer_number, trailer_type, company_id, status) VALUES (6, '113', '', '53 ft. Van', 15, 'available');
INSERT OR IGNORE INTO trucks (id, tractor_number, trailer_number, trailer_type, company_id, status) VALUES (7, '117', '', '53 ft. Van', 15, 'available');
INSERT OR IGNORE INTO trucks (id, tractor_number, trailer_number, trailer_type, company_id, status) VALUES (8, '0121', '', '53 ft. Van', 15, 'available');
INSERT OR IGNORE INTO trucks (id, tractor_number, trailer_number, trailer_type, company_id, status) VALUES (9, '121', '', '53 ft. Van', 15, 'available');
INSERT OR IGNORE INTO trucks (id, tractor_number, trailer_number, trailer_type, company_id, status) VALUES (10, '0131', '', '53 ft. Van', 15, 'available');
INSERT OR IGNORE INTO trucks (id, tractor_number, trailer_number, trailer_type, company_id, status) VALUES (11, '131', '', '53 ft. Van', 15, 'available');
INSERT OR IGNORE INTO trucks (id, tractor_number, trailer_number, trailer_type, company_id, status) VALUES (12, '0309', '', '53 ft. Van', 15, 'available');
INSERT OR IGNORE INTO trucks (id, tractor_number, trailer_number, trailer_type, company_id, status) VALUES (13, '0475', '', '53 ft. Van', 15, 'available');
INSERT OR IGNORE INTO trucks (id, tractor_number, trailer_number, trailer_type, company_id, status) VALUES (14, '1120', '', '53 ft. Van', 15, 'available');
INSERT OR IGNORE INTO trucks (id, tractor_number, trailer_number, trailer_type, company_id, status) VALUES (15, '1122', '', '53 ft. Van', 15, 'available');
INSERT OR IGNORE INTO trucks (id, tractor_number, trailer_number, trailer_type, company_id, status) VALUES (16, '1123', '', '53 ft. Van', 15, 'available');
INSERT OR IGNORE INTO trucks (id, tractor_number, trailer_number, trailer_type, company_id, status) VALUES (17, '1313', '', '53 ft. Van', 15, 'available');
INSERT OR IGNORE INTO trucks (id, tractor_number, trailer_number, trailer_type, company_id, status) VALUES (18, '1316', '', '53 ft. Van', 15, 'available');
INSERT OR IGNORE INTO trucks (id, tractor_number, trailer_number, trailer_type, company_id, status) VALUES (19, '1318', '', '53 ft. Van', 15, 'available');
INSERT OR IGNORE INTO trucks (id, tractor_number, trailer_number, trailer_type, company_id, status) VALUES (20, '1320', '', '53 ft. Van', 15, 'available');
INSERT OR IGNORE INTO trucks (id, tractor_number, trailer_number, trailer_type, company_id, status) VALUES (21, '1321', '', '53 ft. Van', 15, 'available');
INSERT OR IGNORE INTO trucks (id, tractor_number, trailer_number, trailer_type, company_id, status) VALUES (22, '1322', '', '53 ft. Van', 15, 'available');
INSERT OR IGNORE INTO trucks (id, tractor_number, trailer_number, trailer_type, company_id, status) VALUES (23, '1323', '', '53 ft. Van', 15, 'available');
INSERT OR IGNORE INTO trucks (id, tractor_number, trailer_number, trailer_type, company_id, status) VALUES (24, '1324', '', '53 ft. Van', 15, 'available');
INSERT OR IGNORE INTO trucks (id, tractor_number, trailer_number, trailer_type, company_id, status) VALUES (25, '1325', '', '53 ft. Van', 15, 'available');

-- Loads
INSERT OR IGNORE INTO loads (id, load_number, broker_name, broker_order, broker_contact, broker_email, pickup_date, pickup_city, pickup_state, pickup_address, pickup_window_start, pickup_window_end, delivery_date, delivery_city, delivery_state, delivery_address, commodity, weight, miles, trailer_type, rate, driver_id, truck_id, company_id, status, notes, created_at) VALUES (1, '0761567', 'Hribar Logistics LLC', '0761567', 'Austin Goveia', 'agoveia@hribarlogistics.com', '2026-06-12', 'Irvine', 'CA', '15800 Laguna Canyon Rd.', NULL, NULL, '2026-06-15', 'Grandview', 'WA', '545 Bethany Road', 'Dry Food Goods', '35000 lbs', '1087', '53 ft. Van', '5600', 1, 1, 6, 'in_transit', NULL, '2026-06-13 19:13:28');
INSERT OR IGNORE INTO loads (id, load_number, broker_name, broker_order, broker_contact, broker_email, pickup_date, pickup_city, pickup_state, pickup_address, pickup_window_start, pickup_window_end, delivery_date, delivery_city, delivery_state, delivery_address, commodity, weight, miles, trailer_type, rate, driver_id, truck_id, company_id, status, notes, created_at) VALUES (2, '1824108', 'Best Logistics', '1824108', 'Durham Team', 'CarrierAP@shipwithbest.com', '2026-06-12', 'Evansville', 'IN', '6501 Berry Plastics Blvd', NULL, NULL, '2026-06-16', 'West Sacramento', 'CA', '3030 Mulvany Place', 'Product for 7-11 Stores', '15000 lbs', '2120', '53 ft. Van Only', '5200', 2, 2, 5, 'in_transit', NULL, '2026-06-13 19:13:29');
INSERT OR IGNORE INTO loads (id, load_number, broker_name, broker_order, broker_contact, broker_email, pickup_date, pickup_city, pickup_state, pickup_address, pickup_window_start, pickup_window_end, delivery_date, delivery_city, delivery_state, delivery_address, commodity, weight, miles, trailer_type, rate, driver_id, truck_id, company_id, status, notes, created_at) VALUES (3, '1487478', 'Bennett International Logistics', NULL, NULL, NULL, '2026-06-11', 'Tucson', 'AZ', NULL, NULL, NULL, '2026-06-15', 'Fairland', 'IN', NULL, NULL, NULL, NULL, NULL, NULL, 3, NULL, 6, 'dispatched', NULL, '2026-06-13 19:46:39');
INSERT OR IGNORE INTO loads (id, load_number, broker_name, broker_order, broker_contact, broker_email, pickup_date, pickup_city, pickup_state, pickup_address, pickup_window_start, pickup_window_end, delivery_date, delivery_city, delivery_state, delivery_address, commodity, weight, miles, trailer_type, rate, driver_id, truck_id, company_id, status, notes, created_at) VALUES (4, '1091924', 'Trident Transport LLC', NULL, NULL, NULL, '2026-06-11', 'Spokane Valley', 'WA', NULL, NULL, NULL, '2026-06-15', 'Eastvale', 'CA', NULL, NULL, NULL, NULL, NULL, NULL, 4, NULL, 26, 'in_transit', NULL, '2026-06-13 19:46:39');
INSERT OR IGNORE INTO loads (id, load_number, broker_name, broker_order, broker_contact, broker_email, pickup_date, pickup_city, pickup_state, pickup_address, pickup_window_start, pickup_window_end, delivery_date, delivery_city, delivery_state, delivery_address, commodity, weight, miles, trailer_type, rate, driver_id, truck_id, company_id, status, notes, created_at) VALUES (5, '2997009', 'Integrity Express Logistics', NULL, NULL, NULL, '2026-06-11', 'Arrey', 'NM', NULL, NULL, NULL, '2026-06-14', 'Goshen', 'NY', NULL, NULL, NULL, NULL, NULL, NULL, 5, NULL, 5, 'dispatched', NULL, '2026-06-13 19:46:39');
INSERT OR IGNORE INTO loads (id, load_number, broker_name, broker_order, broker_contact, broker_email, pickup_date, pickup_city, pickup_state, pickup_address, pickup_window_start, pickup_window_end, delivery_date, delivery_city, delivery_state, delivery_address, commodity, weight, miles, trailer_type, rate, driver_id, truck_id, company_id, status, notes, created_at) VALUES (6, 'E976614', 'Mercer Transportation Co., Inc.', NULL, NULL, NULL, '2026-06-11', 'Salt Lake City', 'UT', NULL, NULL, NULL, '2026-06-15', 'Plainfield', 'IN', NULL, NULL, NULL, NULL, NULL, NULL, 6, NULL, 25, 'in_transit', NULL, '2026-06-13 19:46:39');
INSERT OR IGNORE INTO loads (id, load_number, broker_name, broker_order, broker_contact, broker_email, pickup_date, pickup_city, pickup_state, pickup_address, pickup_window_start, pickup_window_end, delivery_date, delivery_city, delivery_state, delivery_address, commodity, weight, miles, trailer_type, rate, driver_id, truck_id, company_id, status, notes, created_at) VALUES (7, 'E976621', 'Mercer Transportation Co., Inc.', NULL, NULL, NULL, '2026-06-11', 'Salt Lake City', 'UT', NULL, NULL, NULL, '2026-06-15', 'Plainfield', 'IN', NULL, NULL, NULL, NULL, NULL, NULL, 7, NULL, 25, 'in_transit', NULL, '2026-06-13 19:46:39');
INSERT OR IGNORE INTO loads (id, load_number, broker_name, broker_order, broker_contact, broker_email, pickup_date, pickup_city, pickup_state, pickup_address, pickup_window_start, pickup_window_end, delivery_date, delivery_city, delivery_state, delivery_address, commodity, weight, miles, trailer_type, rate, driver_id, truck_id, company_id, status, notes, created_at) VALUES (8, 'E976629', 'Mercer Transportation Co., Inc.', NULL, NULL, NULL, '2026-06-11', 'Salt Lake City', 'UT', NULL, NULL, NULL, '2026-06-15', 'Plainfield', 'IN', NULL, NULL, NULL, NULL, NULL, NULL, 8, NULL, 25, 'in_transit', NULL, '2026-06-13 19:46:39');
INSERT OR IGNORE INTO loads (id, load_number, broker_name, broker_order, broker_contact, broker_email, pickup_date, pickup_city, pickup_state, pickup_address, pickup_window_start, pickup_window_end, delivery_date, delivery_city, delivery_state, delivery_address, commodity, weight, miles, trailer_type, rate, driver_id, truck_id, company_id, status, notes, created_at) VALUES (9, '169069', 'PBLS LLC', NULL, NULL, NULL, '2026-06-11', 'Spiceland', 'IN', NULL, NULL, NULL, '2026-06-15', 'Salt Lake City', 'UT', NULL, NULL, NULL, NULL, NULL, NULL, 8, NULL, 25, 'in_transit', NULL, '2026-06-13 19:46:39');
INSERT OR IGNORE INTO loads (id, load_number, broker_name, broker_order, broker_contact, broker_email, pickup_date, pickup_city, pickup_state, pickup_address, pickup_window_start, pickup_window_end, delivery_date, delivery_city, delivery_state, delivery_address, commodity, weight, miles, trailer_type, rate, driver_id, truck_id, company_id, status, notes, created_at) VALUES (10, '23277302', 'RXO', NULL, NULL, NULL, '2026-06-11', 'Victorville', 'CA', NULL, NULL, NULL, '2026-06-13', 'Hermiston', 'OR', NULL, NULL, NULL, NULL, NULL, NULL, 9, NULL, 26, 'delivered', NULL, '2026-06-13 19:46:39');
INSERT OR IGNORE INTO loads (id, load_number, broker_name, broker_order, broker_contact, broker_email, pickup_date, pickup_city, pickup_state, pickup_address, pickup_window_start, pickup_window_end, delivery_date, delivery_city, delivery_state, delivery_address, commodity, weight, miles, trailer_type, rate, driver_id, truck_id, company_id, status, notes, created_at) VALUES (11, 'S4040812', 'Spot', NULL, NULL, NULL, '2026-06-11', 'Tucson', 'AZ', NULL, NULL, NULL, '2026-06-15', 'Woodinville', 'WA', NULL, NULL, NULL, NULL, NULL, NULL, 10, NULL, 26, 'in_transit', NULL, '2026-06-13 19:46:39');
INSERT OR IGNORE INTO loads (id, load_number, broker_name, broker_order, broker_contact, broker_email, pickup_date, pickup_city, pickup_state, pickup_address, pickup_window_start, pickup_window_end, delivery_date, delivery_city, delivery_state, delivery_address, commodity, weight, miles, trailer_type, rate, driver_id, truck_id, company_id, status, notes, created_at) VALUES (12, 'A-646726', 'Ally Logistics', NULL, NULL, NULL, '2026-06-11', 'Fort Worth', 'TX', NULL, NULL, NULL, '2026-06-13', 'New York', 'NY', NULL, NULL, NULL, NULL, NULL, NULL, 11, NULL, 26, 'in_transit', NULL, '2026-06-13 19:46:39');
INSERT OR IGNORE INTO loads (id, load_number, broker_name, broker_order, broker_contact, broker_email, pickup_date, pickup_city, pickup_state, pickup_address, pickup_window_start, pickup_window_end, delivery_date, delivery_city, delivery_state, delivery_address, commodity, weight, miles, trailer_type, rate, driver_id, truck_id, company_id, status, notes, created_at) VALUES (13, '37092315', 'Total Quality Logistics', NULL, NULL, NULL, '2026-06-12', 'Everett', 'WA', NULL, NULL, NULL, '2026-06-15', 'Visalia', 'CA', NULL, NULL, NULL, NULL, NULL, NULL, 12, NULL, 26, 'in_transit', NULL, '2026-06-13 19:46:39');
INSERT OR IGNORE INTO loads (id, load_number, broker_name, broker_order, broker_contact, broker_email, pickup_date, pickup_city, pickup_state, pickup_address, pickup_window_start, pickup_window_end, delivery_date, delivery_city, delivery_state, delivery_address, commodity, weight, miles, trailer_type, rate, driver_id, truck_id, company_id, status, notes, created_at) VALUES (14, '138391', 'P Clark and Associates LLC', NULL, NULL, NULL, '2026-06-12', 'Ogden', 'UT', NULL, NULL, NULL, '2026-06-15', 'Marion', 'IN', NULL, NULL, NULL, NULL, NULL, NULL, 13, NULL, 25, 'in_transit', NULL, '2026-06-13 19:46:39');
INSERT OR IGNORE INTO loads (id, load_number, broker_name, broker_order, broker_contact, broker_email, pickup_date, pickup_city, pickup_state, pickup_address, pickup_window_start, pickup_window_end, delivery_date, delivery_city, delivery_state, delivery_address, commodity, weight, miles, trailer_type, rate, driver_id, truck_id, company_id, status, notes, created_at) VALUES (15, '710816', 'BMM Logistics', NULL, NULL, NULL, '2026-06-12', 'Payson', 'UT', NULL, NULL, NULL, '2026-06-15', 'Brownsburg', 'IN', NULL, NULL, NULL, NULL, NULL, NULL, 14, NULL, 25, 'in_transit', NULL, '2026-06-13 19:46:39');
INSERT OR IGNORE INTO loads (id, load_number, broker_name, broker_order, broker_contact, broker_email, pickup_date, pickup_city, pickup_state, pickup_address, pickup_window_start, pickup_window_end, delivery_date, delivery_city, delivery_state, delivery_address, commodity, weight, miles, trailer_type, rate, driver_id, truck_id, company_id, status, notes, created_at) VALUES (16, '31520-12038', 'RPM', NULL, NULL, NULL, '2026-06-12', 'West Valley', 'UT', NULL, NULL, NULL, '2026-06-16', 'Columbus', 'OH', NULL, NULL, NULL, NULL, NULL, NULL, 15, NULL, 25, 'in_transit', NULL, '2026-06-13 19:46:39');
INSERT OR IGNORE INTO loads (id, load_number, broker_name, broker_order, broker_contact, broker_email, pickup_date, pickup_city, pickup_state, pickup_address, pickup_window_start, pickup_window_end, delivery_date, delivery_city, delivery_state, delivery_address, commodity, weight, miles, trailer_type, rate, driver_id, truck_id, company_id, status, notes, created_at) VALUES (17, 'A-647637', 'Ally Logistics', NULL, NULL, NULL, '2026-06-12', 'Sumner', 'WA', NULL, NULL, NULL, '2026-06-15', 'Buena Park', 'CA', NULL, NULL, NULL, NULL, NULL, NULL, 16, NULL, 6, 'in_transit', NULL, '2026-06-13 19:46:39');
INSERT OR IGNORE INTO loads (id, load_number, broker_name, broker_order, broker_contact, broker_email, pickup_date, pickup_city, pickup_state, pickup_address, pickup_window_start, pickup_window_end, delivery_date, delivery_city, delivery_state, delivery_address, commodity, weight, miles, trailer_type, rate, driver_id, truck_id, company_id, status, notes, created_at) VALUES (18, '1599524', 'ROAR Logistics Inc - Intl', NULL, NULL, NULL, '2026-06-12', 'Plainfield', 'IN', NULL, NULL, NULL, '2026-06-15', 'North Logan', 'UT', NULL, NULL, NULL, NULL, NULL, NULL, 17, NULL, 25, 'in_transit', NULL, '2026-06-13 19:46:39');
INSERT OR IGNORE INTO loads (id, load_number, broker_name, broker_order, broker_contact, broker_email, pickup_date, pickup_city, pickup_state, pickup_address, pickup_window_start, pickup_window_end, delivery_date, delivery_city, delivery_state, delivery_address, commodity, weight, miles, trailer_type, rate, driver_id, truck_id, company_id, status, notes, created_at) VALUES (19, '556855141', 'C.H. Robinson Contract Addendum', NULL, NULL, NULL, '2026-06-12', 'Indianapolis', 'IN', NULL, NULL, NULL, '2026-06-15', 'Salt Lake City', 'UT', NULL, NULL, NULL, NULL, NULL, NULL, 18, NULL, 26, 'in_transit', NULL, '2026-06-13 19:46:39');
INSERT OR IGNORE INTO loads (id, load_number, broker_name, broker_order, broker_contact, broker_email, pickup_date, pickup_city, pickup_state, pickup_address, pickup_window_start, pickup_window_end, delivery_date, delivery_city, delivery_state, delivery_address, commodity, weight, miles, trailer_type, rate, driver_id, truck_id, company_id, status, notes, created_at) VALUES (20, '556856047', 'C.H. Robinson Contract Addendum', NULL, NULL, NULL, '2026-06-12', 'Indianapolis', 'IN', NULL, NULL, NULL, '2026-06-15', 'Salt Lake City', 'UT', NULL, NULL, NULL, NULL, NULL, NULL, 19, NULL, 25, 'in_transit', NULL, '2026-06-13 19:46:39');
INSERT OR IGNORE INTO loads (id, load_number, broker_name, broker_order, broker_contact, broker_email, pickup_date, pickup_city, pickup_state, pickup_address, pickup_window_start, pickup_window_end, delivery_date, delivery_city, delivery_state, delivery_address, commodity, weight, miles, trailer_type, rate, driver_id, truck_id, company_id, status, notes, created_at) VALUES (21, '220443', 'High Tide Logistics', NULL, NULL, NULL, '2026-06-12', 'Tulare', 'CA', NULL, NULL, NULL, '2026-06-16', 'Forest Park', 'GA', NULL, NULL, NULL, NULL, NULL, NULL, 20, NULL, 26, 'in_transit', NULL, '2026-06-13 19:46:39');
INSERT OR IGNORE INTO loads (id, load_number, broker_name, broker_order, broker_contact, broker_email, pickup_date, pickup_city, pickup_state, pickup_address, pickup_window_start, pickup_window_end, delivery_date, delivery_city, delivery_state, delivery_address, commodity, weight, miles, trailer_type, rate, driver_id, truck_id, company_id, status, notes, created_at) VALUES (22, '4402497-1', 'Armstrong Transport Group LLC', NULL, NULL, NULL, '2026-06-12', 'Glendale', 'AZ', NULL, NULL, NULL, '2026-06-15', 'Hermiston', 'OR', NULL, NULL, NULL, NULL, NULL, NULL, 21, NULL, 26, 'in_transit', NULL, '2026-06-13 19:46:39');
INSERT OR IGNORE INTO loads (id, load_number, broker_name, broker_order, broker_contact, broker_email, pickup_date, pickup_city, pickup_state, pickup_address, pickup_window_start, pickup_window_end, delivery_date, delivery_city, delivery_state, delivery_address, commodity, weight, miles, trailer_type, rate, driver_id, truck_id, company_id, status, notes, created_at) VALUES (23, '113439', 'Corcoran Logistics LLC', NULL, NULL, NULL, '2026-06-13', 'Connell', 'WA', NULL, NULL, NULL, '2026-06-15', 'Calexico', 'CA', NULL, NULL, NULL, NULL, NULL, NULL, 10, NULL, 26, 'pending', NULL, '2026-06-13 19:46:39');
INSERT OR IGNORE INTO loads (id, load_number, broker_name, broker_order, broker_contact, broker_email, pickup_date, pickup_city, pickup_state, pickup_address, pickup_window_start, pickup_window_end, delivery_date, delivery_city, delivery_state, delivery_address, commodity, weight, miles, trailer_type, rate, driver_id, truck_id, company_id, status, notes, created_at) VALUES (24, 'LD49786', 'GUYDLOGISTICS CORP', NULL, NULL, NULL, '2026-06-12', 'Modesto', 'CA', NULL, NULL, NULL, '2026-06-13', 'Casa Grande', 'AZ', NULL, NULL, NULL, NULL, NULL, NULL, 22, NULL, 26, 'in_transit', NULL, '2026-06-13 19:46:39');
INSERT OR IGNORE INTO loads (id, load_number, broker_name, broker_order, broker_contact, broker_email, pickup_date, pickup_city, pickup_state, pickup_address, pickup_window_start, pickup_window_end, delivery_date, delivery_city, delivery_state, delivery_address, commodity, weight, miles, trailer_type, rate, driver_id, truck_id, company_id, status, notes, created_at) VALUES (25, '23268225', 'RXO Inc', NULL, NULL, NULL, '2026-06-12', 'Vernon', 'CA', NULL, NULL, NULL, '2026-06-16', 'Indianapolis', 'IN', NULL, NULL, NULL, NULL, NULL, NULL, 23, NULL, 26, 'in_transit', NULL, '2026-06-13 19:46:39');
INSERT OR IGNORE INTO loads (id, load_number, broker_name, broker_order, broker_contact, broker_email, pickup_date, pickup_city, pickup_state, pickup_address, pickup_window_start, pickup_window_end, delivery_date, delivery_city, delivery_state, delivery_address, commodity, weight, miles, trailer_type, rate, driver_id, truck_id, company_id, status, notes, created_at) VALUES (26, '32171797', 'PLS SeRVICES', NULL, NULL, NULL, '2026-06-12', 'Fleetwood', 'PA', NULL, NULL, NULL, '2026-06-15', 'Indianapolis', 'IN', NULL, NULL, NULL, NULL, NULL, NULL, 24, NULL, 25, 'in_transit', NULL, '2026-06-13 19:46:39');
INSERT OR IGNORE INTO loads (id, load_number, broker_name, broker_order, broker_contact, broker_email, pickup_date, pickup_city, pickup_state, pickup_address, pickup_window_start, pickup_window_end, delivery_date, delivery_city, delivery_state, delivery_address, commodity, weight, miles, trailer_type, rate, driver_id, truck_id, company_id, status, notes, created_at) VALUES (27, '711053', 'BMM Logistics', NULL, NULL, NULL, '2026-06-12', 'Payson', 'UT', NULL, NULL, NULL, '2026-06-15', 'Brownsburg', 'IN', NULL, NULL, NULL, NULL, NULL, NULL, 25, NULL, 25, 'in_transit', NULL, '2026-06-13 19:46:39');
INSERT OR IGNORE INTO loads (id, load_number, broker_name, broker_order, broker_contact, broker_email, pickup_date, pickup_city, pickup_state, pickup_address, pickup_window_start, pickup_window_end, delivery_date, delivery_city, delivery_state, delivery_address, commodity, weight, miles, trailer_type, rate, driver_id, truck_id, company_id, status, notes, created_at) VALUES (28, '138398', 'P Clark and Associates LLC', NULL, NULL, NULL, '2026-06-15', 'Ogden', 'UT', NULL, NULL, NULL, '2026-06-17', 'Marion', 'IN', NULL, NULL, NULL, NULL, NULL, NULL, NULL, NULL, 26, 'pending', NULL, '2026-06-13 19:46:39');
INSERT OR IGNORE INTO loads (id, load_number, broker_name, broker_order, broker_contact, broker_email, pickup_date, pickup_city, pickup_state, pickup_address, pickup_window_start, pickup_window_end, delivery_date, delivery_city, delivery_state, delivery_address, commodity, weight, miles, trailer_type, rate, driver_id, truck_id, company_id, status, notes, created_at) VALUES (29, '138421', 'P Clark and Associates LLC', NULL, NULL, NULL, '2026-06-17', 'Ogden', 'UT', NULL, NULL, NULL, '2026-06-19', 'Marion', 'IN', NULL, NULL, NULL, NULL, NULL, NULL, NULL, NULL, 26, 'pending', NULL, '2026-06-13 19:46:39');
INSERT OR IGNORE INTO loads (id, load_number, broker_name, broker_order, broker_contact, broker_email, pickup_date, pickup_city, pickup_state, pickup_address, pickup_window_start, pickup_window_end, delivery_date, delivery_city, delivery_state, delivery_address, commodity, weight, miles, trailer_type, rate, driver_id, truck_id, company_id, status, notes, created_at) VALUES (30, '67539752', 'Echo Transportation Simplified', NULL, NULL, NULL, '2026-06-15', 'Salt Lake City', 'UT', NULL, NULL, NULL, '2026-06-18', 'Whiteland', 'IN', NULL, NULL, NULL, NULL, NULL, NULL, NULL, NULL, 26, 'pending', NULL, '2026-06-13 19:46:39');
INSERT OR IGNORE INTO loads (id, load_number, broker_name, broker_order, broker_contact, broker_email, pickup_date, pickup_city, pickup_state, pickup_address, pickup_window_start, pickup_window_end, delivery_date, delivery_city, delivery_state, delivery_address, commodity, weight, miles, trailer_type, rate, driver_id, truck_id, company_id, status, notes, created_at) VALUES (31, '67798738', 'Echo Transportation Simplified', NULL, NULL, NULL, '2026-06-16', 'Plainfield', 'IN', NULL, NULL, NULL, '2026-06-18', 'Logan', 'UT', NULL, NULL, NULL, NULL, NULL, NULL, NULL, NULL, 26, 'pending', NULL, '2026-06-13 19:46:39');
INSERT OR IGNORE INTO loads (id, load_number, broker_name, broker_order, broker_contact, broker_email, pickup_date, pickup_city, pickup_state, pickup_address, pickup_window_start, pickup_window_end, delivery_date, delivery_city, delivery_state, delivery_address, commodity, weight, miles, trailer_type, rate, driver_id, truck_id, company_id, status, notes, created_at) VALUES (32, '32180708', 'PLS SeRVICES', NULL, NULL, NULL, '2026-06-15', 'Clearfield', 'UT', NULL, NULL, NULL, '2026-06-18', 'Millersport', 'OH', NULL, NULL, NULL, NULL, NULL, NULL, NULL, NULL, 26, 'pending', NULL, '2026-06-13 19:46:39');
INSERT OR IGNORE INTO loads (id, load_number, broker_name, broker_order, broker_contact, broker_email, pickup_date, pickup_city, pickup_state, pickup_address, pickup_window_start, pickup_window_end, delivery_date, delivery_city, delivery_state, delivery_address, commodity, weight, miles, trailer_type, rate, driver_id, truck_id, company_id, status, notes, created_at) VALUES (33, '4338991', 'Visual Pak Logistics, LLC', NULL, NULL, NULL, '2026-06-15', 'New Albany', 'IN', NULL, NULL, NULL, '2026-06-17', 'West Valley City', 'UT', NULL, NULL, NULL, NULL, NULL, NULL, NULL, NULL, 26, 'pending', NULL, '2026-06-13 19:46:39');
INSERT OR IGNORE INTO loads (id, load_number, broker_name, broker_order, broker_contact, broker_email, pickup_date, pickup_city, pickup_state, pickup_address, pickup_window_start, pickup_window_end, delivery_date, delivery_city, delivery_state, delivery_address, commodity, weight, miles, trailer_type, rate, driver_id, truck_id, company_id, status, notes, created_at) VALUES (34, '4338995', 'Visual Pak Logistics, LLC', NULL, NULL, NULL, '2026-06-15', 'New Albany', 'IN', NULL, NULL, NULL, '2026-06-17', 'West Valley City', 'UT', NULL, NULL, NULL, NULL, NULL, NULL, NULL, NULL, 26, 'pending', NULL, '2026-06-13 19:46:39');
INSERT OR IGNORE INTO loads (id, load_number, broker_name, broker_order, broker_contact, broker_email, pickup_date, pickup_city, pickup_state, pickup_address, pickup_window_start, pickup_window_end, delivery_date, delivery_city, delivery_state, delivery_address, commodity, weight, miles, trailer_type, rate, driver_id, truck_id, company_id, status, notes, created_at) VALUES (35, '4339007', 'Visual Pak Logistics, LLC', NULL, NULL, NULL, '2026-06-16', 'New Albany', 'IN', NULL, NULL, NULL, '2026-06-18', 'West Valley City', 'UT', NULL, NULL, NULL, NULL, NULL, NULL, NULL, NULL, 26, 'pending', NULL, '2026-06-13 19:46:39');
INSERT OR IGNORE INTO loads (id, load_number, broker_name, broker_order, broker_contact, broker_email, pickup_date, pickup_city, pickup_state, pickup_address, pickup_window_start, pickup_window_end, delivery_date, delivery_city, delivery_state, delivery_address, commodity, weight, miles, trailer_type, rate, driver_id, truck_id, company_id, status, notes, created_at) VALUES (36, '4339029', 'Visual Pak Logistics, LLC', NULL, NULL, NULL, '2026-06-16', 'New Albany', 'IN', NULL, NULL, NULL, '2026-06-18', 'West Valley City', 'UT', NULL, NULL, NULL, NULL, NULL, NULL, NULL, NULL, 26, 'pending', NULL, '2026-06-13 19:46:39');
INSERT OR IGNORE INTO loads (id, load_number, broker_name, broker_order, broker_contact, broker_email, pickup_date, pickup_city, pickup_state, pickup_address, pickup_window_start, pickup_window_end, delivery_date, delivery_city, delivery_state, delivery_address, commodity, weight, miles, trailer_type, rate, driver_id, truck_id, company_id, status, notes, created_at) VALUES (37, '4342855', 'Visual Pak Logistics, LLC', NULL, NULL, NULL, '2026-06-29', 'New Albany', 'IN', NULL, NULL, NULL, '2026-07-01', 'West Valley City', 'UT', NULL, NULL, NULL, NULL, NULL, NULL, NULL, NULL, 26, 'pending', NULL, '2026-06-13 19:46:39');
INSERT OR IGNORE INTO loads (id, load_number, broker_name, broker_order, broker_contact, broker_email, pickup_date, pickup_city, pickup_state, pickup_address, pickup_window_start, pickup_window_end, delivery_date, delivery_city, delivery_state, delivery_address, commodity, weight, miles, trailer_type, rate, driver_id, truck_id, company_id, status, notes, created_at) VALUES (38, '4342856', 'Visual Pak Logistics, LLC', NULL, NULL, NULL, '2026-06-29', 'New Albany', 'IN', NULL, NULL, NULL, '2026-07-01', 'West Valley City', 'UT', NULL, NULL, NULL, NULL, NULL, NULL, NULL, NULL, 26, 'pending', NULL, '2026-06-13 19:46:39');
INSERT OR IGNORE INTO loads (id, load_number, broker_name, broker_order, broker_contact, broker_email, pickup_date, pickup_city, pickup_state, pickup_address, pickup_window_start, pickup_window_end, delivery_date, delivery_city, delivery_state, delivery_address, commodity, weight, miles, trailer_type, rate, driver_id, truck_id, company_id, status, notes, created_at) VALUES (39, '4342861', 'Visual Pak Logistics, LLC', NULL, NULL, NULL, '2026-06-30', 'New Albany', 'IN', NULL, NULL, NULL, '2026-07-02', 'West Valley City', 'UT', NULL, NULL, NULL, NULL, NULL, NULL, NULL, NULL, 26, 'pending', NULL, '2026-06-13 19:46:39');
INSERT OR IGNORE INTO loads (id, load_number, broker_name, broker_order, broker_contact, broker_email, pickup_date, pickup_city, pickup_state, pickup_address, pickup_window_start, pickup_window_end, delivery_date, delivery_city, delivery_state, delivery_address, commodity, weight, miles, trailer_type, rate, driver_id, truck_id, company_id, status, notes, created_at) VALUES (40, '4342862', 'Visual Pak Logistics, LLC', NULL, NULL, NULL, '2026-06-30', 'New Albany', 'IN', NULL, NULL, NULL, '2026-07-02', 'West Valley City', 'UT', NULL, NULL, NULL, NULL, NULL, NULL, NULL, NULL, 26, 'pending', NULL, '2026-06-13 19:46:39');

PRAGMA foreign_keys = ON;
